StateName,Year,RainFallInfo
Andaman and Nicobar Islands,1991,2535.8
Andaman and Nicobar Islands,1992,2098.7
Andaman and Nicobar Islands,1993,2237.4
Andaman and Nicobar Islands,1994,3262.8
Andaman and Nicobar Islands,1995,3115.4
Andaman and Nicobar Islands,1996,2996.9
Andaman and Nicobar Islands,1997,2755.1
Andaman and Nicobar Islands,1998,2846.4
Andaman and Nicobar Islands,1999,2699.7
Andaman and Nicobar Islands,2000,2763.2
Andaman and Nicobar Islands,2001,3080.9
Andaman and Nicobar Islands,2002,2620.2
Andaman and Nicobar Islands,2003,2355.9
Andaman and Nicobar Islands,2004,2460.1
Andaman and Nicobar Islands,2005,2954.7
Andaman and Nicobar Islands,2006,2404.7
Andaman and Nicobar Islands,2007,2748
Andaman and Nicobar Islands,2008,3374.8
Andaman and Nicobar Islands,2009,2538.6
Andaman and Nicobar Islands,2010,3157.1
Andaman and Nicobar Islands,2011,3828
Andaman and Nicobar Islands,2012,3497.6
Andaman and Nicobar Islands,2013,3757.8
Andaman and Nicobar Islands,2014,2622.4
Andaman and Nicobar Islands,2015,2904.6
Andhra Pradesh,1991,1122.1
Andhra Pradesh,1992,1001
Andhra Pradesh,1993,869.7
Andhra Pradesh,1994,1155.1
Andhra Pradesh,1995,1352
Andhra Pradesh,1996,1210.9
Andhra Pradesh,1997,972.1
Andhra Pradesh,1998,1310.8
Andhra Pradesh,1999,825.1
Andhra Pradesh,2000,992.3
Andhra Pradesh,2001,1009.3
Andhra Pradesh,2002,703.2
Andhra Pradesh,2003,1096.8
Andhra Pradesh,2004,873.6
Andhra Pradesh,2005,1221.6
Andhra Pradesh,2006,1159.6
Andhra Pradesh,2007,1099.2
Andhra Pradesh,2008,1107.5
Andhra Pradesh,2009,790.5
Andhra Pradesh,2010,1712.4
Andhra Pradesh,2011,861.9
Andhra Pradesh,2012,1318.4
Andhra Pradesh,2013,1120.5
Andhra Pradesh,2014,874.9
Andhra Pradesh,2015,1010.9
Arunachal Pradesh,1991,3434.4
Arunachal Pradesh,1992,2707
Arunachal Pradesh,1993,3348.9
Arunachal Pradesh,1994,2287.4
Arunachal Pradesh,1995,3068.8
Arunachal Pradesh,1996,2520.5
Arunachal Pradesh,1997,2274.9
Arunachal Pradesh,1998,3616.7
Arunachal Pradesh,1999,2316.6
Arunachal Pradesh,2000,2596.8
Arunachal Pradesh,2001,2036
Arunachal Pradesh,2002,2389.2
Arunachal Pradesh,2003,2451.8
Arunachal Pradesh,2004,2545.7
Arunachal Pradesh,2005,2335.5
Arunachal Pradesh,2006,2259.6
Arunachal Pradesh,2007,3020.7
Arunachal Pradesh,2008,2244.4
Arunachal Pradesh,2009,1749.9
Arunachal Pradesh,2010,2855.7
Arunachal Pradesh,2011,2193.7
Arunachal Pradesh,2012,3440.3
Arunachal Pradesh,2013,2042.9
Arunachal Pradesh,2014,2403.2
Arunachal Pradesh,2015,2767.5
Assam,1991,2838
Assam,1992,2259.8
Assam,1993,2879.2
Assam,1994,2121.3
Assam,1995,2886.1
Assam,1996,2466.9
Assam,1997,2372.2
Assam,1998,2803.1
Assam,1999,2594.2
Assam,2000,2487
Assam,2001,2178.4
Assam,2002,2392.7
Assam,2003,2434.1
Assam,2004,2994.3
Assam,2005,2468.3
Assam,2006,1898.6
Assam,2007,2752.8
Assam,2008,2339.7
Assam,2009,2068.2
Assam,2010,2711.5
Assam,2011,1743.4
Assam,2012,2609.4
Assam,2013,1816.4
Assam,2014,2206.1
Assam,2015,2470.9
Bihar,1991,1045.7
Bihar,1992,797.6
Bihar,1993,1208.3
Bihar,1994,969.4
Bihar,1995,1111.9
Bihar,1996,1107.2
Bihar,1997,1303.7
Bihar,1998,1332.5
Bihar,1999,1402.7
Bihar,2000,1207
Bihar,2001,1247
Bihar,2002,1105.8
Bihar,2003,1353.9
Bihar,2004,1147.8
Bihar,2005,907.8
Bihar,2006,1052.8
Bihar,2007,1600.2
Bihar,2008,1197.7
Bihar,2009,889.3
Bihar,2010,629.2
Bihar,2011,1097.1
Bihar,2012,1032.4
Bihar,2013,1069.9
Bihar,2014,1061
Bihar,2015,872.7
Chandigarh,1991,393.9
Chandigarh,1992,429.7
Chandigarh,1993,523.8
Chandigarh,1994,564.4
Chandigarh,1995,819.1
Chandigarh,1996,644.6
Chandigarh,1997,668.6
Chandigarh,1998,685.3
Chandigarh,1999,344.4
Chandigarh,2000,384.4
Chandigarh,2001,485.5
Chandigarh,2002,357.2
Chandigarh,2003,597.6
Chandigarh,2004,487.3
Chandigarh,2005,519.5
Chandigarh,2006,330.9
Chandigarh,2007,446.6
Chandigarh,2008,710.4
Chandigarh,2009,395.4
Chandigarh,2010,640.5
Chandigarh,2011,512
Chandigarh,2012,391.4
Chandigarh,2013,461.2
Chandigarh,2014,305.5
Chandigarh,2015,435.3
Chhattisgarh,1991,1220.8
Chhattisgarh,1992,1156.6
Chhattisgarh,1993,1205.3
Chhattisgarh,1994,1754.5
Chhattisgarh,1995,1280.7
Chhattisgarh,1996,1187
Chhattisgarh,1997,1317.2
Chhattisgarh,1998,1332.5
Chhattisgarh,1999,1322.6
Chhattisgarh,2000,906.3
Chhattisgarh,2001,1600.1
Chhattisgarh,2002,990.2
Chhattisgarh,2003,1694.3
Chhattisgarh,2004,1144.5
Chhattisgarh,2005,1287.2
Chhattisgarh,2006,1317.7
Chhattisgarh,2007,1281.2
Chhattisgarh,2008,1108.5
Chhattisgarh,2009,956.6
Chhattisgarh,2010,1306.6
Chhattisgarh,2011,1302.7
Chhattisgarh,2012,1377.4
Chhattisgarh,2013,1420
Chhattisgarh,2014,1278.7
Chhattisgarh,2015,1117.6
Goa,1991,2954.6
Goa,1992,2840.4
Goa,1993,3480.9
Goa,1994,3179.8
Goa,1995,2766
Goa,1996,2920.7
Goa,1997,3027.2
Goa,1998,3234.7
Goa,1999,2912.1
Goa,2000,3133.2
Goa,2001,2395.4
Goa,2002,2537.2
Goa,2003,2842.3
Goa,2004,2985.9
Goa,2005,3615.7
Goa,2006,3482.2
Goa,2007,3468.5
Goa,2008,3053.1
Goa,2009,2716.6
Goa,2010,3778.1
Goa,2011,3825.2
Goa,2012,3018.4
Goa,2013,3524
Goa,2014,2757.5
Goa,2015,2082
Gujarat,1991,672.7
Gujarat,1992,901.1
Gujarat,1993,941.4
Gujarat,1994,1534.5
Gujarat,1995,684.3
Gujarat,1996,902.8
Gujarat,1997,1068.9
Gujarat,1998,1070
Gujarat,1999,568.4
Gujarat,2000,550.6
Gujarat,2001,849
Gujarat,2002,637.2
Gujarat,2003,1160.3
Gujarat,2004,1005.8
Gujarat,2005,1316.4
Gujarat,2006,1478
Gujarat,2007,1178.9
Gujarat,2008,911.1
Gujarat,2009,641.6
Gujarat,2010,1088.7
Gujarat,2011,890.5
Gujarat,2012,714
Gujarat,2013,1118.6
Gujarat,2014,705.7
Gujarat,2015,622.9
Haryana,1991,393.9
Haryana,1992,429.7
Haryana,1993,523.8
Haryana,1994,564.4
Haryana,1995,819.1
Haryana,1996,644.6
Haryana,1997,668.6
Haryana,1998,685.3
Haryana,1999,344.4
Haryana,2000,384.4
Haryana,2001,485.5
Haryana,2002,357.2
Haryana,2003,597.6
Haryana,2004,487.3
Haryana,2005,519.5
Haryana,2006,330.9
Haryana,2007,446.6
Haryana,2008,710.4
Haryana,2009,395.4
Haryana,2010,640.5
Haryana,2011,512
Haryana,2012,391.4
Haryana,2013,461.2
Haryana,2014,305.5
Haryana,2015,435.3
Himachal Pradesh,1991,1104.8
Himachal Pradesh,1992,1383.1
Himachal Pradesh,1993,1128.3
Himachal Pradesh,1994,1410.2
Himachal Pradesh,1995,1493.9
Himachal Pradesh,1996,1384.4
Himachal Pradesh,1997,1454.5
Himachal Pradesh,1998,1381.6
Himachal Pradesh,1999,1144.9
Himachal Pradesh,2000,1068.4
Himachal Pradesh,2001,991.8
Himachal Pradesh,2002,990.4
Himachal Pradesh,2003,1034.5
Himachal Pradesh,2004,878.5
Himachal Pradesh,2005,1248.5
Himachal Pradesh,2006,1218.4
Himachal Pradesh,2007,1034.5
Himachal Pradesh,2008,1114.2
Himachal Pradesh,2009,956.5
Himachal Pradesh,2010,1259.4
Himachal Pradesh,2011,1108.3
Himachal Pradesh,2012,951.6
Himachal Pradesh,2013,1211.9
Himachal Pradesh,2014,1008.7
Himachal Pradesh,2015,1210.5
Jammu and Kashmir,1991,1448.8
Jammu and Kashmir,1992,1478.1
Jammu and Kashmir,1993,1243.8
Jammu and Kashmir,1994,1732.5
Jammu and Kashmir,1995,1619.6
Jammu and Kashmir,1996,1620.4
Jammu and Kashmir,1997,1295.9
Jammu and Kashmir,1998,1325.9
Jammu and Kashmir,1999,890.3
Jammu and Kashmir,2000,984.6
Jammu and Kashmir,2001,952.7
Jammu and Kashmir,2002,903.5
Jammu and Kashmir,2003,1311.1
Jammu and Kashmir,2004,944.9
Jammu and Kashmir,2005,1692.7
Jammu and Kashmir,2006,1519.8
Jammu and Kashmir,2007,1023.5
Jammu and Kashmir,2008,1224.5
Jammu and Kashmir,2009,NA
Jammu and Kashmir,2010,997.9
Jammu and Kashmir,2011,887.6
Jammu and Kashmir,2012,1034.7
Jammu and Kashmir,2013,859.3
Jammu and Kashmir,2014,1093.4
Jammu and Kashmir,2015,1572.8
Jharkhand,1991,1250.9
Jharkhand,1992,933
Jharkhand,1993,1204
Jharkhand,1994,1579.4
Jharkhand,1995,1366.5
Jharkhand,1996,1191.7
Jharkhand,1997,1461.3
Jharkhand,1998,1353.8
Jharkhand,1999,1586.9
Jharkhand,2000,1191.5
Jharkhand,2001,1254.4
Jharkhand,2002,1034.9
Jharkhand,2003,1245
Jharkhand,2004,1136.6
Jharkhand,2005,960.4
Jharkhand,2006,1459.5
Jharkhand,2007,1437.3
Jharkhand,2008,1325.3
Jharkhand,2009,996.1
Jharkhand,2010,697.1
Jharkhand,2011,1374.7
Jharkhand,2012,1065
Jharkhand,2013,1253.6
Jharkhand,2014,1156.6
Jharkhand,2015,1081.8
Karnataka,1991,3719.7
Karnataka,1992,3882.2
Karnataka,1993,3481.3
Karnataka,1994,4636.3
Karnataka,1995,3357.8
Karnataka,1996,3188.9
Karnataka,1997,3953.6
Karnataka,1998,3707.9
Karnataka,1999,3779.9
Karnataka,2000,3351.3
Karnataka,2001,3111.6
Karnataka,2002,2793.1
Karnataka,2003,3071.9
Karnataka,2004,3070
Karnataka,2005,3470.9
Karnataka,2006,3837.3
Karnataka,2007,3860.2
Karnataka,2008,3206.4
Karnataka,2009,3862
Karnataka,2010,3686.8
Karnataka,2011,3908.6
Karnataka,2012,NA
Karnataka,2013,4229.4
Karnataka,2014,3684.4
Karnataka,2015,3106
Kerala,1991,3184.5
Kerala,1992,3239.5
Kerala,1993,2717.7
Kerala,1994,3410.8
Kerala,1995,2858.8
Kerala,1996,2610
Kerala,1997,3252.4
Kerala,1998,3151.5
Kerala,1999,2914.6
Kerala,2000,2412.6
Kerala,2001,2931.1
Kerala,2002,2507.4
Kerala,2003,2394.9
Kerala,2004,2886.1
Kerala,2005,3031.1
Kerala,2006,3420.6
Kerala,2007,3489.6
Kerala,2008,2524.5
Kerala,2009,2810.6
Kerala,2010,3131.8
Kerala,2011,3035.1
Kerala,2012,2151.1
Kerala,2013,3255.4
Kerala,2014,3046.4
Kerala,2015,2600.6
Madhya Pradesh,1991,745.5
Madhya Pradesh,1992,754.2
Madhya Pradesh,1993,1031.9
Madhya Pradesh,1994,1179.5
Madhya Pradesh,1995,864.7
Madhya Pradesh,1996,1085.4
Madhya Pradesh,1997,1058.3
Madhya Pradesh,1998,926.9
Madhya Pradesh,1999,1052.7
Madhya Pradesh,2000,NA
Madhya Pradesh,2001,787
Madhya Pradesh,2002,684.1
Madhya Pradesh,2003,946.4
Madhya Pradesh,2004,848.1
Madhya Pradesh,2005,752.2
Madhya Pradesh,2006,1169.2
Madhya Pradesh,2007,806.5
Madhya Pradesh,2008,791.1
Madhya Pradesh,2009,877
Madhya Pradesh,2010,776.3
Madhya Pradesh,2011,1063.9
Madhya Pradesh,2012,1035.2
Madhya Pradesh,2013,1396.3
Madhya Pradesh,2014,864.9
Madhya Pradesh,2015,1042.3
Maharashtra,1991,880.5
Maharashtra,1992,791.3
Maharashtra,1993,1019.8
Maharashtra,1994,1021.5
Maharashtra,1995,776.4
Maharashtra,1996,975.2
Maharashtra,1997,1000.9
Maharashtra,1998,1101.1
Maharashtra,1999,965.7
Maharashtra,2000,701.6
Maharashtra,2001,785.1
Maharashtra,2002,740.3
Maharashtra,2003,772.6
Maharashtra,2004,1029.5
Maharashtra,2005,1221.3
Maharashtra,2006,1395.7
Maharashtra,2007,1040.4
Maharashtra,2008,916.9
Maharashtra,2009,941.7
Maharashtra,2010,1027.5
Maharashtra,2011,852.6
Maharashtra,2012,689.8
Maharashtra,2013,962.4
Maharashtra,2014,838
Maharashtra,2015,644.5
Manipur,1991,2851.9
Manipur,1992,2221.4
Manipur,1993,2881.7
Manipur,1994,1712.5
Manipur,1995,2340.2
Manipur,1996,2194.5
Manipur,1997,2212
Manipur,1998,2225.4
Manipur,1999,2233
Manipur,2000,2363.9
Manipur,2001,2149
Manipur,2002,2242.3
Manipur,2003,2162.2
Manipur,2004,2353.7
Manipur,2005,1836.7
Manipur,2006,1872
Manipur,2007,2538.2
Manipur,2008,1748.9
Manipur,2009,1737.7
Manipur,2010,2295.2
Manipur,2011,1892.1
Manipur,2012,1922.9
Manipur,2013,1557.2
Manipur,2014,1599.9
Manipur,2015,1922.4
Meghalaya,1991,2838
Meghalaya,1992,2259.8
Meghalaya,1993,2879.2
Meghalaya,1994,2121.3
Meghalaya,1995,2886.1
Meghalaya,1996,2466.9
Meghalaya,1997,2372.2
Meghalaya,1998,2803.1
Meghalaya,1999,2594.2
Meghalaya,2000,2487
Meghalaya,2001,2178.4
Meghalaya,2002,2392.7
Meghalaya,2003,2434.1
Meghalaya,2004,2994.3
Meghalaya,2005,2468.3
Meghalaya,2006,1898.6
Meghalaya,2007,2752.8
Meghalaya,2008,2339.7
Meghalaya,2009,2068.2
Meghalaya,2010,2711.5
Meghalaya,2011,1743.4
Meghalaya,2012,2609.4
Meghalaya,2013,1816.4
Meghalaya,2014,2206.1
Meghalaya,2015,2470.9
Mizoram,1991,2851.9
Mizoram,1992,2221.4
Mizoram,1993,2881.7
Mizoram,1994,1712.5
Mizoram,1995,2340.2
Mizoram,1996,2194.5
Mizoram,1997,2212
Mizoram,1998,2225.4
Mizoram,1999,2233
Mizoram,2000,2363.9
Mizoram,2001,2149
Mizoram,2002,2242.3
Mizoram,2003,2162.2
Mizoram,2004,2353.7
Mizoram,2005,1836.7
Mizoram,2006,1872
Mizoram,2007,2538.2
Mizoram,2008,1748.9
Mizoram,2009,1737.7
Mizoram,2010,2295.2
Mizoram,2011,1892.1
Mizoram,2012,1922.9
Mizoram,2013,1557.2
Mizoram,2014,1599.9
Mizoram,2015,1922.4
Nagaland,1991,2851.9
Nagaland,1992,2221.4
Nagaland,1993,2881.7
Nagaland,1994,1712.5
Nagaland,1995,2340.2
Nagaland,1996,2194.5
Nagaland,1997,2212
Nagaland,1998,2225.4
Nagaland,1999,2233
Nagaland,2000,2363.9
Nagaland,2001,2149
Nagaland,2002,2242.3
Nagaland,2003,2162.2
Nagaland,2004,2353.7
Nagaland,2005,1836.7
Nagaland,2006,1872
Nagaland,2007,2538.2
Nagaland,2008,1748.9
Nagaland,2009,1737.7
Nagaland,2010,2295.2
Nagaland,2011,1892.1
Nagaland,2012,1922.9
Nagaland,2013,1557.2
Nagaland,2014,1599.9
Nagaland,2015,1922.4
Orissa,1991,1472.8
Orissa,1992,1329.5
Orissa,1993,1448
Orissa,1994,1744.6
Orissa,1995,1614
Orissa,1996,1061.8
Orissa,1997,1504.5
Orissa,1998,1357.1
Orissa,1999,1484.3
Orissa,2000,1097.2
Orissa,2001,1672.5
Orissa,2002,1102.8
Orissa,2003,1648.2
Orissa,2004,1290.4
Orissa,2005,1503.4
Orissa,2006,1716.9
Orissa,2007,1633.8
Orissa,2008,1538.9
Orissa,2009,1330.3
Orissa,2010,1291.9
Orissa,2011,1346.2
Orissa,2012,1405.9
Orissa,2013,1632.4
Orissa,2014,1536.9
Orissa,2015,1210.1
Punjab,1991,475.9
Punjab,1992,478.2
Punjab,1993,583.1
Punjab,1994,580.9
Punjab,1995,869.1
Punjab,1996,589.7
Punjab,1997,690.1
Punjab,1998,588.6
Punjab,1999,364.4
Punjab,2000,405.3
Punjab,2001,441
Punjab,2002,274.7
Punjab,2003,424.6
Punjab,2004,351.7
Punjab,2005,552
Punjab,2006,647.7
Punjab,2007,594.8
Punjab,2008,717.1
Punjab,2009,361.2
Punjab,2010,451.5
Punjab,2011,705.2
Punjab,2012,493.6
Punjab,2013,586.6
Punjab,2014,382.7
Punjab,2015,510.8
Rajasthan,1991,578.6
Rajasthan,1992,723.6
Rajasthan,1993,595.2
Rajasthan,1994,839.2
Rajasthan,1995,754.3
Rajasthan,1996,715.7
Rajasthan,1997,573.9
Rajasthan,1998,475.8
Rajasthan,1999,408.4
Rajasthan,2000,440
Rajasthan,2001,551.2
Rajasthan,2002,285.3
Rajasthan,2003,626.6
Rajasthan,2004,606.2
Rajasthan,2005,567.9
Rajasthan,2006,748.4
Rajasthan,2007,575.7
Rajasthan,2008,644.6
Rajasthan,2009,414.1
Rajasthan,2010,689.4
Rajasthan,2011,802.1
Rajasthan,2012,693.6
Rajasthan,2013,836.1
Rajasthan,2014,683.3
Rajasthan,2015,650.7
Sikkim,1991,3072.4
Sikkim,1992,2358.8
Sikkim,1993,2895.9
Sikkim,1994,2127.3
Sikkim,1995,3557.8
Sikkim,1996,2800.3
Sikkim,1997,2551.4
Sikkim,1998,3655.1
Sikkim,1999,3323.3
Sikkim,2000,2908
Sikkim,2001,2612.6
Sikkim,2002,2547
Sikkim,2003,2723.3
Sikkim,2004,2714.7
Sikkim,2005,2807.7
Sikkim,2006,2262.1
Sikkim,2007,2638.9
Sikkim,2008,2689.9
Sikkim,2009,2324.6
Sikkim,2010,2612.3
Sikkim,2011,2418.7
Sikkim,2012,2632.2
Sikkim,2013,2406.1
Sikkim,2014,2322.6
Sikkim,2015,2518.6
Tamil Nadu,1991,954.8
Tamil Nadu,1992,918.7
Tamil Nadu,1993,1082.3
Tamil Nadu,1994,905.9
Tamil Nadu,1995,843.4
Tamil Nadu,1996,1069.4
Tamil Nadu,1997,950.5
Tamil Nadu,1998,1079.7
Tamil Nadu,1999,922.6
Tamil Nadu,2000,972
Tamil Nadu,2001,483.4
Tamil Nadu,2002,318
Tamil Nadu,2003,348.5
Tamil Nadu,2004,1037.6
Tamil Nadu,2005,1365.3
Tamil Nadu,2006,927.9
Tamil Nadu,2007,1067.2
Tamil Nadu,2008,1203.4
Tamil Nadu,2009,928.5
Tamil Nadu,2010,1095.2
Tamil Nadu,2011,926.5
Tamil Nadu,2012,636.1
Tamil Nadu,2013,741.9
Tamil Nadu,2014,913
Tamil Nadu,2015,1204.6
Telangana,1991,849.1
Telangana,1992,863.5
Telangana,1993,885.6
Telangana,1994,975.7
Telangana,1995,1286
Telangana,1996,986.8
Telangana,1997,856
Telangana,1998,1093
Telangana,1999,863.8
Telangana,2000,1078
Telangana,2001,922.3
Telangana,2002,765.3
Telangana,2003,963.2
Telangana,2004,667
Telangana,2005,1163.1
Telangana,2006,1053
Telangana,2007,843.3
Telangana,2008,1035.3
Telangana,2009,666.3
Telangana,2010,1276.4
Telangana,2011,753.1
Telangana,2012,1008.6
Telangana,2013,1348.7
Telangana,2014,746.4
Telangana,2015,857.3
Tripura,1991,2851.9
Tripura,1992,2221.4
Tripura,1993,2881.7
Tripura,1994,1712.5
Tripura,1995,2340.2
Tripura,1996,2194.5
Tripura,1997,2212
Tripura,1998,2225.4
Tripura,1999,2233
Tripura,2000,2363.9
Tripura,2001,2149
Tripura,2002,2242.3
Tripura,2003,2162.2
Tripura,2004,2353.7
Tripura,2005,1836.7
Tripura,2006,1872
Tripura,2007,2538.2
Tripura,2008,1748.9
Tripura,2009,1737.7
Tripura,2010,2295.2
Tripura,2011,1892.1
Tripura,2012,1922.9
Tripura,2013,1557.2
Tripura,2014,1599.9
Tripura,2015,1922.4
Uttar Pradesh,1991,875.2
Uttar Pradesh,1992,863.4
Uttar Pradesh,1993,834
Uttar Pradesh,1994,910.2
Uttar Pradesh,1995,860.5
Uttar Pradesh,1996,1010.3
Uttar Pradesh,1997,493.3
Uttar Pradesh,1998,661
Uttar Pradesh,1999,952.8
Uttar Pradesh,2000,946.8
Uttar Pradesh,2001,973.8
Uttar Pradesh,2002,689.1
Uttar Pradesh,2003,1096.4
Uttar Pradesh,2004,746.9
Uttar Pradesh,2005,770.3
Uttar Pradesh,2006,632.1
Uttar Pradesh,2007,741.2
Uttar Pradesh,2008,953.4
Uttar Pradesh,2009,610.2
Uttar Pradesh,2010,692.2
Uttar Pradesh,2011,781.2
Uttar Pradesh,2012,602.7
Uttar Pradesh,2013,1041.4
Uttar Pradesh,2014,701.2
Uttar Pradesh,2015,603.3
Uttarakhand,1991,1020.7
Uttarakhand,1992,1108.1
Uttarakhand,1993,1594.1
Uttarakhand,1994,1441.7
Uttarakhand,1995,1616.1
Uttarakhand,1996,1401.4
Uttarakhand,1997,803.4
Uttarakhand,1998,1198.6
Uttarakhand,1999,1185.5
Uttarakhand,2000,1712.9
Uttarakhand,2001,1544.4
Uttarakhand,2002,1574.7
Uttarakhand,2003,1734.3
Uttarakhand,2004,1219.6
Uttarakhand,2005,1348.2
Uttarakhand,2006,1178.9
Uttarakhand,2007,1924.3
Uttarakhand,2008,1363.7
Uttarakhand,2009,847.8
Uttarakhand,2010,1424
Uttarakhand,2011,1564.7
Uttarakhand,2012,1223.9
Uttarakhand,2013,1735.4
Uttarakhand,2014,1287.4
Uttarakhand,2015,1247.6
West Bengal,1991,1609.1
West Bengal,1992,1414.6
West Bengal,1993,1759.7
West Bengal,1994,1530.8
West Bengal,1995,1936
West Bengal,1996,1504
West Bengal,1997,1657.7
West Bengal,1998,1632.7
West Bengal,1999,1957
West Bengal,2000,1572.1
West Bengal,2001,1540.6
West Bengal,2002,1613.3
West Bengal,2003,1496.7
West Bengal,2004,1569.4
West Bengal,2005,1604.9
West Bengal,2006,1660.5
West Bengal,2007,1941.4
West Bengal,2008,1555.2
West Bengal,2009,1315
West Bengal,2010,1064.8
West Bengal,2011,1686.5
West Bengal,2012,1268
West Bengal,2013,1764.1
West Bengal,2014,1261.4
West Bengal,2015,1530.3